-- TB_CATEGORY_GROUP
insert into TB_CATEGORY_GROUP (CATEGORY_GROUP_ID, CATEGORY_GROUP_NAME, POST_TYPE) values (1, '강아지', 'REHOMING');
insert into TB_CATEGORY_GROUP (CATEGORY_GROUP_ID, CATEGORY_GROUP_NAME, POST_TYPE) values (2, '고양이', 'REHOMING');
insert into TB_CATEGORY_GROUP (CATEGORY_GROUP_ID, CATEGORY_GROUP_NAME, POST_TYPE) values (3, '기타', 'REHOMING');
insert into TB_CATEGORY_GROUP (CATEGORY_GROUP_ID, CATEGORY_GROUP_NAME, POST_TYPE) values (4, '강아지', 'TRADE');
insert into TB_CATEGORY_GROUP (CATEGORY_GROUP_ID, CATEGORY_GROUP_NAME, POST_TYPE) values (5, '고양이', 'TRADE');
insert into TB_CATEGORY_GROUP (CATEGORY_GROUP_ID, CATEGORY_GROUP_NAME, POST_TYPE) values (6, '공통/기타', 'TRADE');

-- TB_PET_CATEGORY
insert into TB_PET_CATEGORY (PET_CATEGORY_ID, PET_CATEGORY_NAME, CATEGORY_GROUP_ID) values (1, '고든 세터', 1);
insert into TB_PET_CATEGORY (PET_CATEGORY_ID, PET_CATEGORY_NAME, CATEGORY_GROUP_ID) values (2, '꼬똥 드 툴레아', 1);
insert into TB_PET_CATEGORY (PET_CATEGORY_ID, PET_CATEGORY_NAME, CATEGORY_GROUP_ID) values (3, '골든두들', 1);
insert into TB_PET_CATEGORY (PET_CATEGORY_ID, PET_CATEGORY_NAME, CATEGORY_GROUP_ID) values (4, '골든 리트리버', 1);
insert into TB_PET_CATEGORY (PET_CATEGORY_ID, PET_CATEGORY_NAME, CATEGORY_GROUP_ID) values (5, '그레이트 데인', 1);
insert into TB_PET_CATEGORY (PET_CATEGORY_ID, PET_CATEGORY_NAME, CATEGORY_GROUP_ID) values (6, '그레이트 스위스 마운틴 도그', 1);
insert into TB_PET_CATEGORY (PET_CATEGORY_ID, PET_CATEGORY_NAME, CATEGORY_GROUP_ID) values (7, '그레이트 피레니즈', 1);
insert into TB_PET_CATEGORY (PET_CATEGORY_ID, PET_CATEGORY_NAME, CATEGORY_GROUP_ID) values (8, '그레이하운드', 1);
insert into TB_PET_CATEGORY (PET_CATEGORY_ID, PET_CATEGORY_NAME, CATEGORY_GROUP_ID) values (9, '그린란드견', 1);
insert into TB_PET_CATEGORY (PET_CATEGORY_ID, PET_CATEGORY_NAME, CATEGORY_GROUP_ID) values (10, '글렌 오브 이말 테리어', 1);
insert into TB_PET_CATEGORY (PET_CATEGORY_ID, PET_CATEGORY_NAME, CATEGORY_GROUP_ID) values (11, '기슈견', 1);
insert into TB_PET_CATEGORY (PET_CATEGORY_ID, PET_CATEGORY_NAME, CATEGORY_GROUP_ID) values (12, '나폴리탄 마스티프', 1);
insert into TB_PET_CATEGORY (PET_CATEGORY_ID, PET_CATEGORY_NAME, CATEGORY_GROUP_ID) values (13, '노르웨지안 부훈트', 1);
insert into TB_PET_CATEGORY (PET_CATEGORY_ID, PET_CATEGORY_NAME, CATEGORY_GROUP_ID) values (14, '노르웨이 엘크 하운드', 1);
insert into TB_PET_CATEGORY (PET_CATEGORY_ID, PET_CATEGORY_NAME, CATEGORY_GROUP_ID) values (15, '노리치 테리어', 1);
insert into TB_PET_CATEGORY (PET_CATEGORY_ID, PET_CATEGORY_NAME, CATEGORY_GROUP_ID) values (16, '노바 스코셔 덕 톨링 레트리버', 1);
insert into TB_PET_CATEGORY (PET_CATEGORY_ID, PET_CATEGORY_NAME, CATEGORY_GROUP_ID) values (17, '노퍽 테리어', 1);
insert into TB_PET_CATEGORY (PET_CATEGORY_ID, PET_CATEGORY_NAME, CATEGORY_GROUP_ID) values (18, '뉴펀들랜드', 1);
insert into TB_PET_CATEGORY (PET_CATEGORY_ID, PET_CATEGORY_NAME, CATEGORY_GROUP_ID) values (19, '닥스훈트', 1);
insert into TB_PET_CATEGORY (PET_CATEGORY_ID, PET_CATEGORY_NAME, CATEGORY_GROUP_ID) values (20, '달마시안', 1);
insert into TB_PET_CATEGORY (PET_CATEGORY_ID, PET_CATEGORY_NAME, CATEGORY_GROUP_ID) values (21, '댄디 딘몬트 테리어', 1);
insert into TB_PET_CATEGORY (PET_CATEGORY_ID, PET_CATEGORY_NAME, CATEGORY_GROUP_ID) values (22, '도고 까나리오', 1);
insert into TB_PET_CATEGORY (PET_CATEGORY_ID, PET_CATEGORY_NAME, CATEGORY_GROUP_ID) values (23, '도고 아르헨티노', 1);
insert into TB_PET_CATEGORY (PET_CATEGORY_ID, PET_CATEGORY_NAME, CATEGORY_GROUP_ID) values (24, '도그 드 보르도', 1);
insert into TB_PET_CATEGORY (PET_CATEGORY_ID, PET_CATEGORY_NAME, CATEGORY_GROUP_ID) values (25, '도베르만 핀셔', 1);
insert into TB_PET_CATEGORY (PET_CATEGORY_ID, PET_CATEGORY_NAME, CATEGORY_GROUP_ID) values (26, '도사견', 1);
insert into TB_PET_CATEGORY (PET_CATEGORY_ID, PET_CATEGORY_NAME, CATEGORY_GROUP_ID) values (27, '동경이', 1);
insert into TB_PET_CATEGORY (PET_CATEGORY_ID, PET_CATEGORY_NAME, CATEGORY_GROUP_ID) values (28, '라고토 로마뇰로', 1);
insert into TB_PET_CATEGORY (PET_CATEGORY_ID, PET_CATEGORY_NAME, CATEGORY_GROUP_ID) values (29, '라사압소', 1);
insert into TB_PET_CATEGORY (PET_CATEGORY_ID, PET_CATEGORY_NAME, CATEGORY_GROUP_ID) values (30, '라페이로 도 알렌테조', 1);
insert into TB_PET_CATEGORY (PET_CATEGORY_ID, PET_CATEGORY_NAME, CATEGORY_GROUP_ID) values (31, '라포니안 허더', 1);
insert into TB_PET_CATEGORY (PET_CATEGORY_ID, PET_CATEGORY_NAME, CATEGORY_GROUP_ID) values (32, '래브라도 리트리버', 1);
insert into TB_PET_CATEGORY (PET_CATEGORY_ID, PET_CATEGORY_NAME, CATEGORY_GROUP_ID) values (33, '레온베르거', 1);
insert into TB_PET_CATEGORY (PET_CATEGORY_ID, PET_CATEGORY_NAME, CATEGORY_GROUP_ID) values (34, '레이크랜드 테리어', 1);
insert into TB_PET_CATEGORY (PET_CATEGORY_ID, PET_CATEGORY_NAME, CATEGORY_GROUP_ID) values (35, '로디지아 리지백', 1);
insert into TB_PET_CATEGORY (PET_CATEGORY_ID, PET_CATEGORY_NAME, CATEGORY_GROUP_ID) values (36, '로첸', 1);
insert into TB_PET_CATEGORY (PET_CATEGORY_ID, PET_CATEGORY_NAME, CATEGORY_GROUP_ID) values (37, '로트와일러', 1);
insert into TB_PET_CATEGORY (PET_CATEGORY_ID, PET_CATEGORY_NAME, CATEGORY_GROUP_ID) values (38, '마스티프', 1);
insert into TB_PET_CATEGORY (PET_CATEGORY_ID, PET_CATEGORY_NAME, CATEGORY_GROUP_ID) values (39, '맨체스터 테리어', 1);
insert into TB_PET_CATEGORY (PET_CATEGORY_ID, PET_CATEGORY_NAME, CATEGORY_GROUP_ID) values (40, '말티즈', 1);
insert into TB_PET_CATEGORY (PET_CATEGORY_ID, PET_CATEGORY_NAME, CATEGORY_GROUP_ID) values (41, '미니어처 불 테리어', 1);
insert into TB_PET_CATEGORY (PET_CATEGORY_ID, PET_CATEGORY_NAME, CATEGORY_GROUP_ID) values (42, '미니어처 슈나우저', 1);
insert into TB_PET_CATEGORY (PET_CATEGORY_ID, PET_CATEGORY_NAME, CATEGORY_GROUP_ID) values (43, '미니어처 핀셔', 1);
insert into TB_PET_CATEGORY (PET_CATEGORY_ID, PET_CATEGORY_NAME, CATEGORY_GROUP_ID) values (44, '말티푸', 1);
insert into TB_PET_CATEGORY (PET_CATEGORY_ID, PET_CATEGORY_NAME, CATEGORY_GROUP_ID) values (45, '바센지', 1);
insert into TB_PET_CATEGORY (PET_CATEGORY_ID, PET_CATEGORY_NAME, CATEGORY_GROUP_ID) values (46, '바셋 하운드', 1);
insert into TB_PET_CATEGORY (PET_CATEGORY_ID, PET_CATEGORY_NAME, CATEGORY_GROUP_ID) values (47, '버니즈 마운틴 도그', 1);
insert into TB_PET_CATEGORY (PET_CATEGORY_ID, PET_CATEGORY_NAME, CATEGORY_GROUP_ID) values (48, '베들링턴 테리어', 1);
insert into TB_PET_CATEGORY (PET_CATEGORY_ID, PET_CATEGORY_NAME, CATEGORY_GROUP_ID) values (49, '발바리', 1);
insert into TB_PET_CATEGORY (PET_CATEGORY_ID, PET_CATEGORY_NAME, CATEGORY_GROUP_ID) values (50, '벨기에 말리노이즈', 1);
insert into TB_PET_CATEGORY (PET_CATEGORY_ID, PET_CATEGORY_NAME, CATEGORY_GROUP_ID) values (51, '벨기에 테뷰런', 1);
insert into TB_PET_CATEGORY (PET_CATEGORY_ID, PET_CATEGORY_NAME, CATEGORY_GROUP_ID) values (52, '벨지안 그리펀', 1);
insert into TB_PET_CATEGORY (PET_CATEGORY_ID, PET_CATEGORY_NAME, CATEGORY_GROUP_ID) values (53, '벨지언 쉽독 (벨지언 셰퍼드)', 1);
insert into TB_PET_CATEGORY (PET_CATEGORY_ID, PET_CATEGORY_NAME, CATEGORY_GROUP_ID) values (54, '보더콜리', 1);
insert into TB_PET_CATEGORY (PET_CATEGORY_ID, PET_CATEGORY_NAME, CATEGORY_GROUP_ID) values (55, '보더 테리어', 1);
insert into TB_PET_CATEGORY (PET_CATEGORY_ID, PET_CATEGORY_NAME, CATEGORY_GROUP_ID) values (56, '보르도 마스티프', 1);
insert into TB_PET_CATEGORY (PET_CATEGORY_ID, PET_CATEGORY_NAME, CATEGORY_GROUP_ID) values (57, '보르조이', 1);
insert into TB_PET_CATEGORY (PET_CATEGORY_ID, PET_CATEGORY_NAME, CATEGORY_GROUP_ID) values (58, '보비에 드 플랜더스', 1);
insert into TB_PET_CATEGORY (PET_CATEGORY_ID, PET_CATEGORY_NAME, CATEGORY_GROUP_ID) values (59, '보스롱', 1);
insert into TB_PET_CATEGORY (PET_CATEGORY_ID, PET_CATEGORY_NAME, CATEGORY_GROUP_ID) values (60, '보스턴 테리어', 1);
insert into TB_PET_CATEGORY (PET_CATEGORY_ID, PET_CATEGORY_NAME, CATEGORY_GROUP_ID) values (61, '복서', 1);
insert into TB_PET_CATEGORY (PET_CATEGORY_ID, PET_CATEGORY_NAME, CATEGORY_GROUP_ID) values (62, '볼로네즈', 1);
insert into TB_PET_CATEGORY (PET_CATEGORY_ID, PET_CATEGORY_NAME, CATEGORY_GROUP_ID) values (63, '불개', 1);
insert into TB_PET_CATEGORY (PET_CATEGORY_ID, PET_CATEGORY_NAME, CATEGORY_GROUP_ID) values (64, '불도그', 1);
insert into TB_PET_CATEGORY (PET_CATEGORY_ID, PET_CATEGORY_NAME, CATEGORY_GROUP_ID) values (65, '불리 쿠타', 1);
insert into TB_PET_CATEGORY (PET_CATEGORY_ID, PET_CATEGORY_NAME, CATEGORY_GROUP_ID) values (66, '불 마스티프', 1);
insert into TB_PET_CATEGORY (PET_CATEGORY_ID, PET_CATEGORY_NAME, CATEGORY_GROUP_ID) values (67, '불 테리어', 1);
insert into TB_PET_CATEGORY (PET_CATEGORY_ID, PET_CATEGORY_NAME, CATEGORY_GROUP_ID) values (68, '브뤼셀 그리펀', 1);
insert into TB_PET_CATEGORY (PET_CATEGORY_ID, PET_CATEGORY_NAME, CATEGORY_GROUP_ID) values (69, '브리어드', 1);
insert into TB_PET_CATEGORY (PET_CATEGORY_ID, PET_CATEGORY_NAME, CATEGORY_GROUP_ID) values (70, '브리타니', 1);
insert into TB_PET_CATEGORY (PET_CATEGORY_ID, PET_CATEGORY_NAME, CATEGORY_GROUP_ID) values (71, '블랙 러시안 테리어', 1);
insert into TB_PET_CATEGORY (PET_CATEGORY_ID, PET_CATEGORY_NAME, CATEGORY_GROUP_ID) values (72, '블랙 앤드 탄 쿤하운드', 1);
insert into TB_PET_CATEGORY (PET_CATEGORY_ID, PET_CATEGORY_NAME, CATEGORY_GROUP_ID) values (73, '블러드 하운드', 1);
insert into TB_PET_CATEGORY (PET_CATEGORY_ID, PET_CATEGORY_NAME, CATEGORY_GROUP_ID) values (74, '비글', 1);
insert into TB_PET_CATEGORY (PET_CATEGORY_ID, PET_CATEGORY_NAME, CATEGORY_GROUP_ID) values (75, '비숑 프리제', 1);
insert into TB_PET_CATEGORY (PET_CATEGORY_ID, PET_CATEGORY_NAME, CATEGORY_GROUP_ID) values (76, '비어디드 콜리', 1);
insert into TB_PET_CATEGORY (PET_CATEGORY_ID, PET_CATEGORY_NAME, CATEGORY_GROUP_ID) values (77, '비즐라', 1);
insert into TB_PET_CATEGORY (PET_CATEGORY_ID, PET_CATEGORY_NAME, CATEGORY_GROUP_ID) values (78, '빠삐용', 1);
insert into TB_PET_CATEGORY (PET_CATEGORY_ID, PET_CATEGORY_NAME, CATEGORY_GROUP_ID) values (79, '사모예드', 1);
insert into TB_PET_CATEGORY (PET_CATEGORY_ID, PET_CATEGORY_NAME, CATEGORY_GROUP_ID) values (80, '사플라니낙', 1);
insert into TB_PET_CATEGORY (PET_CATEGORY_ID, PET_CATEGORY_NAME, CATEGORY_GROUP_ID) values (81, '살루키', 1);
insert into TB_PET_CATEGORY (PET_CATEGORY_ID, PET_CATEGORY_NAME, CATEGORY_GROUP_ID) values (82, '삽살개', 1);
insert into TB_PET_CATEGORY (PET_CATEGORY_ID, PET_CATEGORY_NAME, CATEGORY_GROUP_ID) values (83, '샤페이', 1);
insert into TB_PET_CATEGORY (PET_CATEGORY_ID, PET_CATEGORY_NAME, CATEGORY_GROUP_ID) values (84, '서식스 스패니얼', 1);
insert into TB_PET_CATEGORY (PET_CATEGORY_ID, PET_CATEGORY_NAME, CATEGORY_GROUP_ID) values (85, '세인트 버나드', 1);
insert into TB_PET_CATEGORY (PET_CATEGORY_ID, PET_CATEGORY_NAME, CATEGORY_GROUP_ID) values (86, '셰틀랜드 쉽독', 1);
insert into TB_PET_CATEGORY (PET_CATEGORY_ID, PET_CATEGORY_NAME, CATEGORY_GROUP_ID) values (87, '소프트 코티드 휘튼 테리어', 1);
insert into TB_PET_CATEGORY (PET_CATEGORY_ID, PET_CATEGORY_NAME, CATEGORY_GROUP_ID) values (88, '솔로이츠 쿠인틀레', 1);
insert into TB_PET_CATEGORY (PET_CATEGORY_ID, PET_CATEGORY_NAME, CATEGORY_GROUP_ID) values (89, '스무드 폭스 테리어', 1);
insert into TB_PET_CATEGORY (PET_CATEGORY_ID, PET_CATEGORY_NAME, CATEGORY_GROUP_ID) values (90, '스웨디쉬 발훈트', 1);
insert into TB_PET_CATEGORY (PET_CATEGORY_ID, PET_CATEGORY_NAME, CATEGORY_GROUP_ID) values (91, '스카이 테리어', 1);
insert into TB_PET_CATEGORY (PET_CATEGORY_ID, PET_CATEGORY_NAME, CATEGORY_GROUP_ID) values (92, '스코티시 디어하운드', 1);
insert into TB_PET_CATEGORY (PET_CATEGORY_ID, PET_CATEGORY_NAME, CATEGORY_GROUP_ID) values (93, '스코티시 테리어', 1);
insert into TB_PET_CATEGORY (PET_CATEGORY_ID, PET_CATEGORY_NAME, CATEGORY_GROUP_ID) values (94, '스키퍼키', 1);
insert into TB_PET_CATEGORY (PET_CATEGORY_ID, PET_CATEGORY_NAME, CATEGORY_GROUP_ID) values (95, '스태퍼드셔 불 테리어', 1);
insert into TB_PET_CATEGORY (PET_CATEGORY_ID, PET_CATEGORY_NAME, CATEGORY_GROUP_ID) values (96, '스탠더드 슈나우저', 1);
insert into TB_PET_CATEGORY (PET_CATEGORY_ID, PET_CATEGORY_NAME, CATEGORY_GROUP_ID) values (97, '스패니쉬 그레이 하운드', 1);
insert into TB_PET_CATEGORY (PET_CATEGORY_ID, PET_CATEGORY_NAME, CATEGORY_GROUP_ID) values (98, '스패니쉬 마스티프', 1);
insert into TB_PET_CATEGORY (PET_CATEGORY_ID, PET_CATEGORY_NAME, CATEGORY_GROUP_ID) values (99, '스피노네 이탈리아노', 1);
insert into TB_PET_CATEGORY (PET_CATEGORY_ID, PET_CATEGORY_NAME, CATEGORY_GROUP_ID) values (100, '스피츠', 1);
insert into TB_PET_CATEGORY (PET_CATEGORY_ID, PET_CATEGORY_NAME, CATEGORY_GROUP_ID) values (101, '시바 이누', 1);
insert into TB_PET_CATEGORY (PET_CATEGORY_ID, PET_CATEGORY_NAME, CATEGORY_GROUP_ID) values (102, '시베리언 허스키', 1);
insert into TB_PET_CATEGORY (PET_CATEGORY_ID, PET_CATEGORY_NAME, CATEGORY_GROUP_ID) values (103, '시추', 1);
insert into TB_PET_CATEGORY (PET_CATEGORY_ID, PET_CATEGORY_NAME, CATEGORY_GROUP_ID) values (104, '시코쿠견', 1);
insert into TB_PET_CATEGORY (PET_CATEGORY_ID, PET_CATEGORY_NAME, CATEGORY_GROUP_ID) values (105, '실리엄 테리어', 1);
insert into TB_PET_CATEGORY (PET_CATEGORY_ID, PET_CATEGORY_NAME, CATEGORY_GROUP_ID) values (106, '실키 테리어', 1);
insert into TB_PET_CATEGORY (PET_CATEGORY_ID, PET_CATEGORY_NAME, CATEGORY_GROUP_ID) values (107, '아나톨리아 셰퍼드', 1);
insert into TB_PET_CATEGORY (PET_CATEGORY_ID, PET_CATEGORY_NAME, CATEGORY_GROUP_ID) values (108, '아메리칸 불도그', 1);
insert into TB_PET_CATEGORY (PET_CATEGORY_ID, PET_CATEGORY_NAME, CATEGORY_GROUP_ID) values (109, '아메리칸 불리', 1);
insert into TB_PET_CATEGORY (PET_CATEGORY_ID, PET_CATEGORY_NAME, CATEGORY_GROUP_ID) values (110, '아메리칸 스태퍼드셔 테리어', 1);
insert into TB_PET_CATEGORY (PET_CATEGORY_ID, PET_CATEGORY_NAME, CATEGORY_GROUP_ID) values (111, '아메리칸 아키다', 1);
insert into TB_PET_CATEGORY (PET_CATEGORY_ID, PET_CATEGORY_NAME, CATEGORY_GROUP_ID) values (112, '아메리칸 에스키모 도그', 1);
insert into TB_PET_CATEGORY (PET_CATEGORY_ID, PET_CATEGORY_NAME, CATEGORY_GROUP_ID) values (113, '아메리칸 워터 스패니얼', 1);
insert into TB_PET_CATEGORY (PET_CATEGORY_ID, PET_CATEGORY_NAME, CATEGORY_GROUP_ID) values (114, '아메리칸 코커 스패니얼', 1);
insert into TB_PET_CATEGORY (PET_CATEGORY_ID, PET_CATEGORY_NAME, CATEGORY_GROUP_ID) values (115, '아메리칸 폭스하운드', 1);
insert into TB_PET_CATEGORY (PET_CATEGORY_ID, PET_CATEGORY_NAME, CATEGORY_GROUP_ID) values (116, '아이디', 1);
insert into TB_PET_CATEGORY (PET_CATEGORY_ID, PET_CATEGORY_NAME, CATEGORY_GROUP_ID) values (117, '아이리시 소프트코티드 휘튼 테리어', 1);
insert into TB_PET_CATEGORY (PET_CATEGORY_ID, PET_CATEGORY_NAME, CATEGORY_GROUP_ID) values (118, '아이리시 레드 앤드 화이트 세터', 1);
insert into TB_PET_CATEGORY (PET_CATEGORY_ID, PET_CATEGORY_NAME, CATEGORY_GROUP_ID) values (119, '아이리시 세터', 1);
insert into TB_PET_CATEGORY (PET_CATEGORY_ID, PET_CATEGORY_NAME, CATEGORY_GROUP_ID) values (120, '아이리시 울프 하운드', 1);
insert into TB_PET_CATEGORY (PET_CATEGORY_ID, PET_CATEGORY_NAME, CATEGORY_GROUP_ID) values (121, '아이리시 워터 스패니얼', 1);
insert into TB_PET_CATEGORY (PET_CATEGORY_ID, PET_CATEGORY_NAME, CATEGORY_GROUP_ID) values (122, '아이리시 테리어', 1);
insert into TB_PET_CATEGORY (PET_CATEGORY_ID, PET_CATEGORY_NAME, CATEGORY_GROUP_ID) values (123, '아키타', 1);
insert into TB_PET_CATEGORY (PET_CATEGORY_ID, PET_CATEGORY_NAME, CATEGORY_GROUP_ID) values (124, '아펜핀셔', 1);
insert into TB_PET_CATEGORY (PET_CATEGORY_ID, PET_CATEGORY_NAME, CATEGORY_GROUP_ID) values (125, '아프간 하운드', 1);
insert into TB_PET_CATEGORY (PET_CATEGORY_ID, PET_CATEGORY_NAME, CATEGORY_GROUP_ID) values (126, '알래스칸 맬러뮤트', 1);
insert into TB_PET_CATEGORY (PET_CATEGORY_ID, PET_CATEGORY_NAME, CATEGORY_GROUP_ID) values (127, '알래스칸 클리카이', 1);
insert into TB_PET_CATEGORY (PET_CATEGORY_ID, PET_CATEGORY_NAME, CATEGORY_GROUP_ID) values (128, '에스트렐라 마운틴 독', 1);
insert into TB_PET_CATEGORY (PET_CATEGORY_ID, PET_CATEGORY_NAME, CATEGORY_GROUP_ID) values (129, '에어데일 테리어', 1);
insert into TB_PET_CATEGORY (PET_CATEGORY_ID, PET_CATEGORY_NAME, CATEGORY_GROUP_ID) values (130, '오브차카', 1);
insert into TB_PET_CATEGORY (PET_CATEGORY_ID, PET_CATEGORY_NAME, CATEGORY_GROUP_ID) values (131, '오스트레일리안 실키 테리어', 1);
insert into TB_PET_CATEGORY (PET_CATEGORY_ID, PET_CATEGORY_NAME, CATEGORY_GROUP_ID) values (132, '오스트레일리안 켈피', 1);
insert into TB_PET_CATEGORY (PET_CATEGORY_ID, PET_CATEGORY_NAME, CATEGORY_GROUP_ID) values (133, '오스트레일리언 셰퍼드', 1);
insert into TB_PET_CATEGORY (PET_CATEGORY_ID, PET_CATEGORY_NAME, CATEGORY_GROUP_ID) values (134, '오스트레일리언 캐틀 도그', 1);
insert into TB_PET_CATEGORY (PET_CATEGORY_ID, PET_CATEGORY_NAME, CATEGORY_GROUP_ID) values (135, '오스트레일리언 테리어', 1);
insert into TB_PET_CATEGORY (PET_CATEGORY_ID, PET_CATEGORY_NAME, CATEGORY_GROUP_ID) values (136, '오터 하운드', 1);
insert into TB_PET_CATEGORY (PET_CATEGORY_ID, PET_CATEGORY_NAME, CATEGORY_GROUP_ID) values (137, '올드 잉글리시 쉽독', 1);
insert into TB_PET_CATEGORY (PET_CATEGORY_ID, PET_CATEGORY_NAME, CATEGORY_GROUP_ID) values (138, '와이머라너', 1);
insert into TB_PET_CATEGORY (PET_CATEGORY_ID, PET_CATEGORY_NAME, CATEGORY_GROUP_ID) values (139, '와이어 폭스 테리어', 1);
insert into TB_PET_CATEGORY (PET_CATEGORY_ID, PET_CATEGORY_NAME, CATEGORY_GROUP_ID) values (140, '와이어헤어드 포인팅 그리펀', 1);
insert into TB_PET_CATEGORY (PET_CATEGORY_ID, PET_CATEGORY_NAME, CATEGORY_GROUP_ID) values (141, '야쿠탄 라이카', 1);
insert into TB_PET_CATEGORY (PET_CATEGORY_ID, PET_CATEGORY_NAME, CATEGORY_GROUP_ID) values (142, '요크셔 테리어', 1);
insert into TB_PET_CATEGORY (PET_CATEGORY_ID, PET_CATEGORY_NAME, CATEGORY_GROUP_ID) values (143, '웨스트 하이랜드 화이트테리어', 1);
insert into TB_PET_CATEGORY (PET_CATEGORY_ID, PET_CATEGORY_NAME, CATEGORY_GROUP_ID) values (144, '웰시 스프링어 스패니얼', 1);
insert into TB_PET_CATEGORY (PET_CATEGORY_ID, PET_CATEGORY_NAME, CATEGORY_GROUP_ID) values (145, '웰시 코기', 1);
insert into TB_PET_CATEGORY (PET_CATEGORY_ID, PET_CATEGORY_NAME, CATEGORY_GROUP_ID) values (146, '웰시 테리어', 1);
insert into TB_PET_CATEGORY (PET_CATEGORY_ID, PET_CATEGORY_NAME, CATEGORY_GROUP_ID) values (147, '이비전 하운드', 1);
insert into TB_PET_CATEGORY (PET_CATEGORY_ID, PET_CATEGORY_NAME, CATEGORY_GROUP_ID) values (148, '이탤리언 그레이하운드', 1);
insert into TB_PET_CATEGORY (PET_CATEGORY_ID, PET_CATEGORY_NAME, CATEGORY_GROUP_ID) values (149, '잉글리시 세터', 1);
insert into TB_PET_CATEGORY (PET_CATEGORY_ID, PET_CATEGORY_NAME, CATEGORY_GROUP_ID) values (150, '잉글리시 스프링어 스패니얼', 1);
insert into TB_PET_CATEGORY (PET_CATEGORY_ID, PET_CATEGORY_NAME, CATEGORY_GROUP_ID) values (151, '잉글리시 코커 스패니얼', 1);
insert into TB_PET_CATEGORY (PET_CATEGORY_ID, PET_CATEGORY_NAME, CATEGORY_GROUP_ID) values (152, '잉글리시 토이 스패니얼', 1);
insert into TB_PET_CATEGORY (PET_CATEGORY_ID, PET_CATEGORY_NAME, CATEGORY_GROUP_ID) values (153, '잉글리시 폭스하운드', 1);
insert into TB_PET_CATEGORY (PET_CATEGORY_ID, PET_CATEGORY_NAME, CATEGORY_GROUP_ID) values (154, '자이언트 슈나우저', 1);
insert into TB_PET_CATEGORY (PET_CATEGORY_ID, PET_CATEGORY_NAME, CATEGORY_GROUP_ID) values (155, '재패니즈 친', 1);
insert into TB_PET_CATEGORY (PET_CATEGORY_ID, PET_CATEGORY_NAME, CATEGORY_GROUP_ID) values (156, '재패니즈 스피츠', 1);
insert into TB_PET_CATEGORY (PET_CATEGORY_ID, PET_CATEGORY_NAME, CATEGORY_GROUP_ID) values (157, '잭 러셀 테리어', 1);
insert into TB_PET_CATEGORY (PET_CATEGORY_ID, PET_CATEGORY_NAME, CATEGORY_GROUP_ID) values (158, '저먼 셰퍼드', 1);
insert into TB_PET_CATEGORY (PET_CATEGORY_ID, PET_CATEGORY_NAME, CATEGORY_GROUP_ID) values (159, '저먼 쇼트헤어드 포인터', 1);
insert into TB_PET_CATEGORY (PET_CATEGORY_ID, PET_CATEGORY_NAME, CATEGORY_GROUP_ID) values (160, '저먼 와이어헤어드 포인터', 1);
insert into TB_PET_CATEGORY (PET_CATEGORY_ID, PET_CATEGORY_NAME, CATEGORY_GROUP_ID) values (161, '저먼 핀셔', 1);
insert into TB_PET_CATEGORY (PET_CATEGORY_ID, PET_CATEGORY_NAME, CATEGORY_GROUP_ID) values (162, '저먼 헌팅 테리어', 1);
insert into TB_PET_CATEGORY (PET_CATEGORY_ID, PET_CATEGORY_NAME, CATEGORY_GROUP_ID) values (163, '제주개', 1);
insert into TB_PET_CATEGORY (PET_CATEGORY_ID, PET_CATEGORY_NAME, CATEGORY_GROUP_ID) values (164, '진돗개', 1);
insert into TB_PET_CATEGORY (PET_CATEGORY_ID, PET_CATEGORY_NAME, CATEGORY_GROUP_ID) values (165, '차우차우', 1);
insert into TB_PET_CATEGORY (PET_CATEGORY_ID, PET_CATEGORY_NAME, CATEGORY_GROUP_ID) values (166, '차이니즈 샤페이', 1);
insert into TB_PET_CATEGORY (PET_CATEGORY_ID, PET_CATEGORY_NAME, CATEGORY_GROUP_ID) values (167, '차이니즈 크레스티드', 1);
insert into TB_PET_CATEGORY (PET_CATEGORY_ID, PET_CATEGORY_NAME, CATEGORY_GROUP_ID) values (168, '체서피크 베이 레트리버', 1);
insert into TB_PET_CATEGORY (PET_CATEGORY_ID, PET_CATEGORY_NAME, CATEGORY_GROUP_ID) values (169, '체코슬로바키아 늑대개', 1);
insert into TB_PET_CATEGORY (PET_CATEGORY_ID, PET_CATEGORY_NAME, CATEGORY_GROUP_ID) values (170, '치와와', 1);
insert into TB_PET_CATEGORY (PET_CATEGORY_ID, PET_CATEGORY_NAME, CATEGORY_GROUP_ID) values (171, '카네 코르소', 1);
insert into TB_PET_CATEGORY (PET_CATEGORY_ID, PET_CATEGORY_NAME, CATEGORY_GROUP_ID) values (172, '카디건 웰시 코기', 1);
insert into TB_PET_CATEGORY (PET_CATEGORY_ID, PET_CATEGORY_NAME, CATEGORY_GROUP_ID) values (173, '카발리에 킹 찰스 스파니엘', 1);
insert into TB_PET_CATEGORY (PET_CATEGORY_ID, PET_CATEGORY_NAME, CATEGORY_GROUP_ID) values (174, '캉갈', 1);
insert into TB_PET_CATEGORY (PET_CATEGORY_ID, PET_CATEGORY_NAME, CATEGORY_GROUP_ID) values (175, '컬리코티드 레트리버', 1);
insert into TB_PET_CATEGORY (PET_CATEGORY_ID, PET_CATEGORY_NAME, CATEGORY_GROUP_ID) values (176, '케리 블루 테리어', 1);
insert into TB_PET_CATEGORY (PET_CATEGORY_ID, PET_CATEGORY_NAME, CATEGORY_GROUP_ID) values (177, '케언 테리어', 1);
insert into TB_PET_CATEGORY (PET_CATEGORY_ID, PET_CATEGORY_NAME, CATEGORY_GROUP_ID) values (178, '케이넌 도그', 1);
insert into TB_PET_CATEGORY (PET_CATEGORY_ID, PET_CATEGORY_NAME, CATEGORY_GROUP_ID) values (179, '케이스혼트', 1);
insert into TB_PET_CATEGORY (PET_CATEGORY_ID, PET_CATEGORY_NAME, CATEGORY_GROUP_ID) values (180, '코리안 마스티프', 1);
insert into TB_PET_CATEGORY (PET_CATEGORY_ID, PET_CATEGORY_NAME, CATEGORY_GROUP_ID) values (181, '코몬도르', 1);
insert into TB_PET_CATEGORY (PET_CATEGORY_ID, PET_CATEGORY_NAME, CATEGORY_GROUP_ID) values (182, '코커 스패니얼', 1);
insert into TB_PET_CATEGORY (PET_CATEGORY_ID, PET_CATEGORY_NAME, CATEGORY_GROUP_ID) values (183, '콜리', 1);
insert into TB_PET_CATEGORY (PET_CATEGORY_ID, PET_CATEGORY_NAME, CATEGORY_GROUP_ID) values (184, '쿠바스', 1);
insert into TB_PET_CATEGORY (PET_CATEGORY_ID, PET_CATEGORY_NAME, CATEGORY_GROUP_ID) values (185, '쿠이커혼제', 1);
insert into TB_PET_CATEGORY (PET_CATEGORY_ID, PET_CATEGORY_NAME, CATEGORY_GROUP_ID) values (186, '클럼버 스패니얼', 1);
insert into TB_PET_CATEGORY (PET_CATEGORY_ID, PET_CATEGORY_NAME, CATEGORY_GROUP_ID) values (187, '토이 폭스 테리어', 1);
insert into TB_PET_CATEGORY (PET_CATEGORY_ID, PET_CATEGORY_NAME, CATEGORY_GROUP_ID) values (188, '티베탄 마스티프', 1);
insert into TB_PET_CATEGORY (PET_CATEGORY_ID, PET_CATEGORY_NAME, CATEGORY_GROUP_ID) values (189, '티베탄 스패니얼', 1);
insert into TB_PET_CATEGORY (PET_CATEGORY_ID, PET_CATEGORY_NAME, CATEGORY_GROUP_ID) values (190, '티베탄 테리어', 1);
insert into TB_PET_CATEGORY (PET_CATEGORY_ID, PET_CATEGORY_NAME, CATEGORY_GROUP_ID) values (191, '파라오 하운드', 1);
insert into TB_PET_CATEGORY (PET_CATEGORY_ID, PET_CATEGORY_NAME, CATEGORY_GROUP_ID) values (192, '파슨 러셀 테리어', 1);
insert into TB_PET_CATEGORY (PET_CATEGORY_ID, PET_CATEGORY_NAME, CATEGORY_GROUP_ID) values (193, '파피용', 1);
insert into TB_PET_CATEGORY (PET_CATEGORY_ID, PET_CATEGORY_NAME, CATEGORY_GROUP_ID) values (194, '패터데일 테리어', 1);
insert into TB_PET_CATEGORY (PET_CATEGORY_ID, PET_CATEGORY_NAME, CATEGORY_GROUP_ID) values (195, '퍼그', 1);
insert into TB_PET_CATEGORY (PET_CATEGORY_ID, PET_CATEGORY_NAME, CATEGORY_GROUP_ID) values (196, '페키니즈', 1);
insert into TB_PET_CATEGORY (PET_CATEGORY_ID, PET_CATEGORY_NAME, CATEGORY_GROUP_ID) values (197, '펨브록 웰시 코기', 1);
insert into TB_PET_CATEGORY (PET_CATEGORY_ID, PET_CATEGORY_NAME, CATEGORY_GROUP_ID) values (198, '포르투기즈 워터 도그', 1);
insert into TB_PET_CATEGORY (PET_CATEGORY_ID, PET_CATEGORY_NAME, CATEGORY_GROUP_ID) values (199, '포메라니안', 1);
insert into TB_PET_CATEGORY (PET_CATEGORY_ID, PET_CATEGORY_NAME, CATEGORY_GROUP_ID) values (200, '포인터', 1);
insert into TB_PET_CATEGORY (PET_CATEGORY_ID, PET_CATEGORY_NAME, CATEGORY_GROUP_ID) values (201, '폭스 테리어', 1);
insert into TB_PET_CATEGORY (PET_CATEGORY_ID, PET_CATEGORY_NAME, CATEGORY_GROUP_ID) values (202, '폴리시 롤런드 시프도그', 1);
insert into TB_PET_CATEGORY (PET_CATEGORY_ID, PET_CATEGORY_NAME, CATEGORY_GROUP_ID) values (203, '폼피츠', 1);
insert into TB_PET_CATEGORY (PET_CATEGORY_ID, PET_CATEGORY_NAME, CATEGORY_GROUP_ID) values (204, '푸들', 1);
insert into TB_PET_CATEGORY (PET_CATEGORY_ID, PET_CATEGORY_NAME, CATEGORY_GROUP_ID) values (205, '푸미', 1);
insert into TB_PET_CATEGORY (PET_CATEGORY_ID, PET_CATEGORY_NAME, CATEGORY_GROUP_ID) values (206, '풀리', 1);
insert into TB_PET_CATEGORY (PET_CATEGORY_ID, PET_CATEGORY_NAME, CATEGORY_GROUP_ID) values (207, '풍산개', 1);
insert into TB_PET_CATEGORY (PET_CATEGORY_ID, PET_CATEGORY_NAME, CATEGORY_GROUP_ID) values (208, '프렌치 불도그', 1);
insert into TB_PET_CATEGORY (PET_CATEGORY_ID, PET_CATEGORY_NAME, CATEGORY_GROUP_ID) values (209, '프티 바세 그리퐁 방댕', 1);
insert into TB_PET_CATEGORY (PET_CATEGORY_ID, PET_CATEGORY_NAME, CATEGORY_GROUP_ID) values (210, '플랫코티드 레트리버', 1);
insert into TB_PET_CATEGORY (PET_CATEGORY_ID, PET_CATEGORY_NAME, CATEGORY_GROUP_ID) values (211, '플롯 하운드', 1);
insert into TB_PET_CATEGORY (PET_CATEGORY_ID, PET_CATEGORY_NAME, CATEGORY_GROUP_ID) values (212, '피니시 스피츠', 1);
insert into TB_PET_CATEGORY (PET_CATEGORY_ID, PET_CATEGORY_NAME, CATEGORY_GROUP_ID) values (213, '피레니안 마스티프', 1);
insert into TB_PET_CATEGORY (PET_CATEGORY_ID, PET_CATEGORY_NAME, CATEGORY_GROUP_ID) values (214, '피레니안 쉽독', 1);
insert into TB_PET_CATEGORY (PET_CATEGORY_ID, PET_CATEGORY_NAME, CATEGORY_GROUP_ID) values (215, '피레니언 셰퍼드', 1);
insert into TB_PET_CATEGORY (PET_CATEGORY_ID, PET_CATEGORY_NAME, CATEGORY_GROUP_ID) values (216, '필드 스패니얼', 1);
insert into TB_PET_CATEGORY (PET_CATEGORY_ID, PET_CATEGORY_NAME, CATEGORY_GROUP_ID) values (217, '필라 브라질레이로', 1);
insert into TB_PET_CATEGORY (PET_CATEGORY_ID, PET_CATEGORY_NAME, CATEGORY_GROUP_ID) values (218, '핏 불 테리어', 1);
insert into TB_PET_CATEGORY (PET_CATEGORY_ID, PET_CATEGORY_NAME, CATEGORY_GROUP_ID) values (219, '해리어', 1);
insert into TB_PET_CATEGORY (PET_CATEGORY_ID, PET_CATEGORY_NAME, CATEGORY_GROUP_ID) values (220, '하바니즈', 1);
insert into TB_PET_CATEGORY (PET_CATEGORY_ID, PET_CATEGORY_NAME, CATEGORY_GROUP_ID) values (221, '홋카이도 이누', 1);
insert into TB_PET_CATEGORY (PET_CATEGORY_ID, PET_CATEGORY_NAME, CATEGORY_GROUP_ID) values (222, '휘핏', 1);
insert into TB_PET_CATEGORY (PET_CATEGORY_ID, PET_CATEGORY_NAME, CATEGORY_GROUP_ID) values (223, '노르웨이 숲', 2);
insert into TB_PET_CATEGORY (PET_CATEGORY_ID, PET_CATEGORY_NAME, CATEGORY_GROUP_ID) values (224, '네벨룽', 2);
insert into TB_PET_CATEGORY (PET_CATEGORY_ID, PET_CATEGORY_NAME, CATEGORY_GROUP_ID) values (225, '네바 마스커레이드', 2);
insert into TB_PET_CATEGORY (PET_CATEGORY_ID, PET_CATEGORY_NAME, CATEGORY_GROUP_ID) values (226, '데본렉스', 2);
insert into TB_PET_CATEGORY (PET_CATEGORY_ID, PET_CATEGORY_NAME, CATEGORY_GROUP_ID) values (227, '도메스틱 숏헤어', 2);
insert into TB_PET_CATEGORY (PET_CATEGORY_ID, PET_CATEGORY_NAME, CATEGORY_GROUP_ID) values (228, '도메스틱 롱헤어', 2);
insert into TB_PET_CATEGORY (PET_CATEGORY_ID, PET_CATEGORY_NAME, CATEGORY_GROUP_ID) values (229, '돈스코이/돈스핑크스', 2);
insert into TB_PET_CATEGORY (PET_CATEGORY_ID, PET_CATEGORY_NAME, CATEGORY_GROUP_ID) values (230, '라가머핀', 2);
insert into TB_PET_CATEGORY (PET_CATEGORY_ID, PET_CATEGORY_NAME, CATEGORY_GROUP_ID) values (231, '랙돌', 2);
insert into TB_PET_CATEGORY (PET_CATEGORY_ID, PET_CATEGORY_NAME, CATEGORY_GROUP_ID) values (232, '러시안 블루', 2);
insert into TB_PET_CATEGORY (PET_CATEGORY_ID, PET_CATEGORY_NAME, CATEGORY_GROUP_ID) values (233, '라이코이', 2);
insert into TB_PET_CATEGORY (PET_CATEGORY_ID, PET_CATEGORY_NAME, CATEGORY_GROUP_ID) values (234, '라팜', 2);
insert into TB_PET_CATEGORY (PET_CATEGORY_ID, PET_CATEGORY_NAME, CATEGORY_GROUP_ID) values (235, '맹크스', 2);
insert into TB_PET_CATEGORY (PET_CATEGORY_ID, PET_CATEGORY_NAME, CATEGORY_GROUP_ID) values (236, '메인쿤', 2);
insert into TB_PET_CATEGORY (PET_CATEGORY_ID, PET_CATEGORY_NAME, CATEGORY_GROUP_ID) values (237, '먼치킨', 2);
insert into TB_PET_CATEGORY (PET_CATEGORY_ID, PET_CATEGORY_NAME, CATEGORY_GROUP_ID) values (238, '미뉴에트', 2);
insert into TB_PET_CATEGORY (PET_CATEGORY_ID, PET_CATEGORY_NAME, CATEGORY_GROUP_ID) values (239, '발리니즈', 2);
insert into TB_PET_CATEGORY (PET_CATEGORY_ID, PET_CATEGORY_NAME, CATEGORY_GROUP_ID) values (240, '버만', 2);
insert into TB_PET_CATEGORY (PET_CATEGORY_ID, PET_CATEGORY_NAME, CATEGORY_GROUP_ID) values (241, '버미즈', 2);
insert into TB_PET_CATEGORY (PET_CATEGORY_ID, PET_CATEGORY_NAME, CATEGORY_GROUP_ID) values (242, '벵갈', 2);
insert into TB_PET_CATEGORY (PET_CATEGORY_ID, PET_CATEGORY_NAME, CATEGORY_GROUP_ID) values (243, '봄베이', 2);
insert into TB_PET_CATEGORY (PET_CATEGORY_ID, PET_CATEGORY_NAME, CATEGORY_GROUP_ID) values (244, '브리티시 쇼트헤어', 2);
insert into TB_PET_CATEGORY (PET_CATEGORY_ID, PET_CATEGORY_NAME, CATEGORY_GROUP_ID) values (245, '브리티시 롱헤어', 2);
insert into TB_PET_CATEGORY (PET_CATEGORY_ID, PET_CATEGORY_NAME, CATEGORY_GROUP_ID) values (246, '버밀라', 2);
insert into TB_PET_CATEGORY (PET_CATEGORY_ID, PET_CATEGORY_NAME, CATEGORY_GROUP_ID) values (247, '시베리안', 2);
insert into TB_PET_CATEGORY (PET_CATEGORY_ID, PET_CATEGORY_NAME, CATEGORY_GROUP_ID) values (248, '샴', 2);
insert into TB_PET_CATEGORY (PET_CATEGORY_ID, PET_CATEGORY_NAME, CATEGORY_GROUP_ID) values (249, '샤트룩스', 2);
insert into TB_PET_CATEGORY (PET_CATEGORY_ID, PET_CATEGORY_NAME, CATEGORY_GROUP_ID) values (250, '셀커크 렉스', 2);
insert into TB_PET_CATEGORY (PET_CATEGORY_ID, PET_CATEGORY_NAME, CATEGORY_GROUP_ID) values (251, '소말리', 2);
insert into TB_PET_CATEGORY (PET_CATEGORY_ID, PET_CATEGORY_NAME, CATEGORY_GROUP_ID) values (252, '스코티시 폴드', 2);
insert into TB_PET_CATEGORY (PET_CATEGORY_ID, PET_CATEGORY_NAME, CATEGORY_GROUP_ID) values (253, '스코티시 스트레이트', 2);
insert into TB_PET_CATEGORY (PET_CATEGORY_ID, PET_CATEGORY_NAME, CATEGORY_GROUP_ID) values (254, '스핑크스', 2);
insert into TB_PET_CATEGORY (PET_CATEGORY_ID, PET_CATEGORY_NAME, CATEGORY_GROUP_ID) values (255, '싱가푸라', 2);
insert into TB_PET_CATEGORY (PET_CATEGORY_ID, PET_CATEGORY_NAME, CATEGORY_GROUP_ID) values (256, '스노우슈', 2);
insert into TB_PET_CATEGORY (PET_CATEGORY_ID, PET_CATEGORY_NAME, CATEGORY_GROUP_ID) values (257, '사바나', 2);
insert into TB_PET_CATEGORY (PET_CATEGORY_ID, PET_CATEGORY_NAME, CATEGORY_GROUP_ID) values (258, '소코케', 2);
insert into TB_PET_CATEGORY (PET_CATEGORY_ID, PET_CATEGORY_NAME, CATEGORY_GROUP_ID) values (259, '아라비안 마우', 2);
insert into TB_PET_CATEGORY (PET_CATEGORY_ID, PET_CATEGORY_NAME, CATEGORY_GROUP_ID) values (260, '아메리칸 밥테일', 2);
insert into TB_PET_CATEGORY (PET_CATEGORY_ID, PET_CATEGORY_NAME, CATEGORY_GROUP_ID) values (261, '아메리칸 쇼트헤어', 2);
insert into TB_PET_CATEGORY (PET_CATEGORY_ID, PET_CATEGORY_NAME, CATEGORY_GROUP_ID) values (262, '아메리칸 와이어헤어', 2);
insert into TB_PET_CATEGORY (PET_CATEGORY_ID, PET_CATEGORY_NAME, CATEGORY_GROUP_ID) values (263, '아메리칸 컬', 2);
insert into TB_PET_CATEGORY (PET_CATEGORY_ID, PET_CATEGORY_NAME, CATEGORY_GROUP_ID) values (264, '아비시니안', 2);
insert into TB_PET_CATEGORY (PET_CATEGORY_ID, PET_CATEGORY_NAME, CATEGORY_GROUP_ID) values (265, '오리엔탈 쇼트헤어', 2);
insert into TB_PET_CATEGORY (PET_CATEGORY_ID, PET_CATEGORY_NAME, CATEGORY_GROUP_ID) values (266, '오리엔탈 롱헤어', 2);
insert into TB_PET_CATEGORY (PET_CATEGORY_ID, PET_CATEGORY_NAME, CATEGORY_GROUP_ID) values (267, '오시캣', 2);
insert into TB_PET_CATEGORY (PET_CATEGORY_ID, PET_CATEGORY_NAME, CATEGORY_GROUP_ID) values (268, '유러피안', 2);
insert into TB_PET_CATEGORY (PET_CATEGORY_ID, PET_CATEGORY_NAME, CATEGORY_GROUP_ID) values (269, '유러피안버미즈', 2);
insert into TB_PET_CATEGORY (PET_CATEGORY_ID, PET_CATEGORY_NAME, CATEGORY_GROUP_ID) values (270, '이집션마우', 2);
insert into TB_PET_CATEGORY (PET_CATEGORY_ID, PET_CATEGORY_NAME, CATEGORY_GROUP_ID) values (271, '엑조틱', 2);
insert into TB_PET_CATEGORY (PET_CATEGORY_ID, PET_CATEGORY_NAME, CATEGORY_GROUP_ID) values (272, '재패니즈 밥테일', 2);
insert into TB_PET_CATEGORY (PET_CATEGORY_ID, PET_CATEGORY_NAME, CATEGORY_GROUP_ID) values (273, '진돗개', 1);
insert into TB_PET_CATEGORY (PET_CATEGORY_ID, PET_CATEGORY_NAME, CATEGORY_GROUP_ID) values (274, '차우차우', 1);
insert into TB_PET_CATEGORY (PET_CATEGORY_ID, PET_CATEGORY_NAME, CATEGORY_GROUP_ID) values (275, '쵸시', 2);
insert into TB_PET_CATEGORY (PET_CATEGORY_ID, PET_CATEGORY_NAME, CATEGORY_GROUP_ID) values (276, '카오마니', 2);
insert into TB_PET_CATEGORY (PET_CATEGORY_ID, PET_CATEGORY_NAME, CATEGORY_GROUP_ID) values (277, '컬러포인트쇼트헤어', 2);
insert into TB_PET_CATEGORY (PET_CATEGORY_ID, PET_CATEGORY_NAME, CATEGORY_GROUP_ID) values (278, '코니시 렉스', 2);
insert into TB_PET_CATEGORY (PET_CATEGORY_ID, PET_CATEGORY_NAME, CATEGORY_GROUP_ID) values (279, '코랫', 2);
insert into TB_PET_CATEGORY (PET_CATEGORY_ID, PET_CATEGORY_NAME, CATEGORY_GROUP_ID) values (280, '쿠리리안 밥테일', 2);
insert into TB_PET_CATEGORY (PET_CATEGORY_ID, PET_CATEGORY_NAME, CATEGORY_GROUP_ID) values (281, '킴릭', 2);
insert into TB_PET_CATEGORY (PET_CATEGORY_ID, PET_CATEGORY_NAME, CATEGORY_GROUP_ID) values (282, '타이', 2);
insert into TB_PET_CATEGORY (PET_CATEGORY_ID, PET_CATEGORY_NAME, CATEGORY_GROUP_ID) values (283, '터키시 반', 2);
insert into TB_PET_CATEGORY (PET_CATEGORY_ID, PET_CATEGORY_NAME, CATEGORY_GROUP_ID) values (284, '터키시 앙고라', 2);
insert into TB_PET_CATEGORY (PET_CATEGORY_ID, PET_CATEGORY_NAME, CATEGORY_GROUP_ID) values (285, '통키니즈', 2);
insert into TB_PET_CATEGORY (PET_CATEGORY_ID, PET_CATEGORY_NAME, CATEGORY_GROUP_ID) values (286, '토이거', 2);
insert into TB_PET_CATEGORY (PET_CATEGORY_ID, PET_CATEGORY_NAME, CATEGORY_GROUP_ID) values (287, '토이밥', 2);
insert into TB_PET_CATEGORY (PET_CATEGORY_ID, PET_CATEGORY_NAME, CATEGORY_GROUP_ID) values (288, '페르시안', 2);
insert into TB_PET_CATEGORY (PET_CATEGORY_ID, PET_CATEGORY_NAME, CATEGORY_GROUP_ID) values (289, '픽시 밥', 2);
insert into TB_PET_CATEGORY (PET_CATEGORY_ID, PET_CATEGORY_NAME, CATEGORY_GROUP_ID) values (290, '피터볼드', 2);
insert into TB_PET_CATEGORY (PET_CATEGORY_ID, PET_CATEGORY_NAME, CATEGORY_GROUP_ID) values (291, '하바나브라운', 2);
insert into TB_PET_CATEGORY (PET_CATEGORY_ID, PET_CATEGORY_NAME, CATEGORY_GROUP_ID) values (292, '히말라얀', 2);

-- TB_TRADE_CATEGORY
insert into TB_TRADE_CATEGORY (TRADE_CATEGORY_ID, TRADE_CATEGORY_NAME, CATEGORY_GROUP_ID) values (1, '강아지 사료', 4);
insert into TB_TRADE_CATEGORY (TRADE_CATEGORY_ID, TRADE_CATEGORY_NAME, CATEGORY_GROUP_ID) values (2, '강아지 간식', 4);
insert into TB_TRADE_CATEGORY (TRADE_CATEGORY_ID, TRADE_CATEGORY_NAME, CATEGORY_GROUP_ID) values (3, '강아지 영양제', 4);
insert into TB_TRADE_CATEGORY (TRADE_CATEGORY_ID, TRADE_CATEGORY_NAME, CATEGORY_GROUP_ID) values (4, '강아지 용품', 4);
insert into TB_TRADE_CATEGORY (TRADE_CATEGORY_ID, TRADE_CATEGORY_NAME, CATEGORY_GROUP_ID) values (5, '고양이 사료', 5);
insert into TB_TRADE_CATEGORY (TRADE_CATEGORY_ID, TRADE_CATEGORY_NAME, CATEGORY_GROUP_ID) values (6, '고앙이 간식', 5);
insert into TB_TRADE_CATEGORY (TRADE_CATEGORY_ID, TRADE_CATEGORY_NAME, CATEGORY_GROUP_ID) values (7, '고양이 영양제', 5);
insert into TB_TRADE_CATEGORY (TRADE_CATEGORY_ID, TRADE_CATEGORY_NAME, CATEGORY_GROUP_ID) values (8, '고양이 용품', 5);
insert into TB_TRADE_CATEGORY (TRADE_CATEGORY_ID, TRADE_CATEGORY_NAME, CATEGORY_GROUP_ID) values (9, '산책용품', 6);

-- TB_TRADE_CATEGORY_DETAIL
insert into TB_TRADE_CATEGORY_DETAIL (TRADE_CATEGORY_DETAIL_ID, TRADE_CATEGORY_DETAIL_NAME, TRADE_CATEGORY_ID) values (1, '건식 사료', 1);
insert into TB_TRADE_CATEGORY_DETAIL (TRADE_CATEGORY_DETAIL_ID, TRADE_CATEGORY_DETAIL_NAME, TRADE_CATEGORY_ID) values (2, '소프트 사료', 1);
insert into TB_TRADE_CATEGORY_DETAIL (TRADE_CATEGORY_DETAIL_ID, TRADE_CATEGORY_DETAIL_NAME, TRADE_CATEGORY_ID) values (3, '습식 사료', 1);
insert into TB_TRADE_CATEGORY_DETAIL (TRADE_CATEGORY_DETAIL_ID, TRADE_CATEGORY_DETAIL_NAME, TRADE_CATEGORY_ID) values (4, '건조/생식사료', 1);
insert into TB_TRADE_CATEGORY_DETAIL (TRADE_CATEGORY_DETAIL_ID, TRADE_CATEGORY_DETAIL_NAME, TRADE_CATEGORY_ID) values (5, '분유', 1);
insert into TB_TRADE_CATEGORY_DETAIL (TRADE_CATEGORY_DETAIL_ID, TRADE_CATEGORY_DETAIL_NAME, TRADE_CATEGORY_ID) values (6, '기능성 사료', 1);
insert into TB_TRADE_CATEGORY_DETAIL (TRADE_CATEGORY_DETAIL_ID, TRADE_CATEGORY_DETAIL_NAME, TRADE_CATEGORY_ID) values (7, '캔/파우치', 2);
insert into TB_TRADE_CATEGORY_DETAIL (TRADE_CATEGORY_DETAIL_ID, TRADE_CATEGORY_DETAIL_NAME, TRADE_CATEGORY_ID) values (8, '덴탈껌', 2);
insert into TB_TRADE_CATEGORY_DETAIL (TRADE_CATEGORY_DETAIL_ID, TRADE_CATEGORY_DETAIL_NAME, TRADE_CATEGORY_ID) values (9, '건조간식/육포', 2);
insert into TB_TRADE_CATEGORY_DETAIL (TRADE_CATEGORY_DETAIL_ID, TRADE_CATEGORY_DETAIL_NAME, TRADE_CATEGORY_ID) values (10, '동결조건간식', 2);
insert into TB_TRADE_CATEGORY_DETAIL (TRADE_CATEGORY_DETAIL_ID, TRADE_CATEGORY_DETAIL_NAME, TRADE_CATEGORY_ID) values (11, '비스켓/시리얼/쿠키', 2);
insert into TB_TRADE_CATEGORY_DETAIL (TRADE_CATEGORY_DETAIL_ID, TRADE_CATEGORY_DETAIL_NAME, TRADE_CATEGORY_ID) values (12, '캔디/젤리', 2);
insert into TB_TRADE_CATEGORY_DETAIL (TRADE_CATEGORY_DETAIL_ID, TRADE_CATEGORY_DETAIL_NAME, TRADE_CATEGORY_ID) values (13, '빵/케이크', 2);
insert into TB_TRADE_CATEGORY_DETAIL (TRADE_CATEGORY_DETAIL_ID, TRADE_CATEGORY_DETAIL_NAME, TRADE_CATEGORY_ID) values (14, '테린/화식', 2);
insert into TB_TRADE_CATEGORY_DETAIL (TRADE_CATEGORY_DETAIL_ID, TRADE_CATEGORY_DETAIL_NAME, TRADE_CATEGORY_ID) values (15, '져키/화식', 2);
insert into TB_TRADE_CATEGORY_DETAIL (TRADE_CATEGORY_DETAIL_ID, TRADE_CATEGORY_DETAIL_NAME, TRADE_CATEGORY_ID) values (16, '음료', 2);
insert into TB_TRADE_CATEGORY_DETAIL (TRADE_CATEGORY_DETAIL_ID, TRADE_CATEGORY_DETAIL_NAME, TRADE_CATEGORY_ID) values (17, '영양제', 3);
insert into TB_TRADE_CATEGORY_DETAIL (TRADE_CATEGORY_DETAIL_ID, TRADE_CATEGORY_DETAIL_NAME, TRADE_CATEGORY_ID) values (18, '건강보조제', 3);
insert into TB_TRADE_CATEGORY_DETAIL (TRADE_CATEGORY_DETAIL_ID, TRADE_CATEGORY_DETAIL_NAME, TRADE_CATEGORY_ID) values (19, '하우스/울타리', 4);
insert into TB_TRADE_CATEGORY_DETAIL (TRADE_CATEGORY_DETAIL_ID, TRADE_CATEGORY_DETAIL_NAME, TRADE_CATEGORY_ID) values (20, '급식기/급수기', 4);
insert into TB_TRADE_CATEGORY_DETAIL (TRADE_CATEGORY_DETAIL_ID, TRADE_CATEGORY_DETAIL_NAME, TRADE_CATEGORY_ID) values (21, '의류/패션', 4);
insert into TB_TRADE_CATEGORY_DETAIL (TRADE_CATEGORY_DETAIL_ID, TRADE_CATEGORY_DETAIL_NAME, TRADE_CATEGORY_ID) values (22, '배변용품', 4);
insert into TB_TRADE_CATEGORY_DETAIL (TRADE_CATEGORY_DETAIL_ID, TRADE_CATEGORY_DETAIL_NAME, TRADE_CATEGORY_ID) values (23, '미용/목욕', 4);
insert into TB_TRADE_CATEGORY_DETAIL (TRADE_CATEGORY_DETAIL_ID, TRADE_CATEGORY_DETAIL_NAME, TRADE_CATEGORY_ID) values (24, '장난감/훈련용품', 4);
insert into TB_TRADE_CATEGORY_DETAIL (TRADE_CATEGORY_DETAIL_ID, TRADE_CATEGORY_DETAIL_NAME, TRADE_CATEGORY_ID) values (25, '펫캠/가전용품', 4);
insert into TB_TRADE_CATEGORY_DETAIL (TRADE_CATEGORY_DETAIL_ID, TRADE_CATEGORY_DETAIL_NAME, TRADE_CATEGORY_ID) values (26, '이동장/외출용품', 4);
insert into TB_TRADE_CATEGORY_DETAIL (TRADE_CATEGORY_DETAIL_ID, TRADE_CATEGORY_DETAIL_NAME, TRADE_CATEGORY_ID) values (27, '건강 관리', 4);
insert into TB_TRADE_CATEGORY_DETAIL (TRADE_CATEGORY_DETAIL_ID, TRADE_CATEGORY_DETAIL_NAME, TRADE_CATEGORY_ID) values (28, '강아지 도서', 4);
insert into TB_TRADE_CATEGORY_DETAIL (TRADE_CATEGORY_DETAIL_ID, TRADE_CATEGORY_DETAIL_NAME, TRADE_CATEGORY_ID) values (29, '건식 사료', 5);
insert into TB_TRADE_CATEGORY_DETAIL (TRADE_CATEGORY_DETAIL_ID, TRADE_CATEGORY_DETAIL_NAME, TRADE_CATEGORY_ID) values (30, '소프트 사료', 5);
insert into TB_TRADE_CATEGORY_DETAIL (TRADE_CATEGORY_DETAIL_ID, TRADE_CATEGORY_DETAIL_NAME, TRADE_CATEGORY_ID) values (31, '습식 사료', 5);
insert into TB_TRADE_CATEGORY_DETAIL (TRADE_CATEGORY_DETAIL_ID, TRADE_CATEGORY_DETAIL_NAME, TRADE_CATEGORY_ID) values (32, '건조/생식사료', 5);
insert into TB_TRADE_CATEGORY_DETAIL (TRADE_CATEGORY_DETAIL_ID, TRADE_CATEGORY_DETAIL_NAME, TRADE_CATEGORY_ID) values (33, '분유', 5);
insert into TB_TRADE_CATEGORY_DETAIL (TRADE_CATEGORY_DETAIL_ID, TRADE_CATEGORY_DETAIL_NAME, TRADE_CATEGORY_ID) values (34, '기능성 사료', 5);
insert into TB_TRADE_CATEGORY_DETAIL (TRADE_CATEGORY_DETAIL_ID, TRADE_CATEGORY_DETAIL_NAME, TRADE_CATEGORY_ID) values (35, '캔', 6);
insert into TB_TRADE_CATEGORY_DETAIL (TRADE_CATEGORY_DETAIL_ID, TRADE_CATEGORY_DETAIL_NAME, TRADE_CATEGORY_ID) values (36, '파우치', 6);
insert into TB_TRADE_CATEGORY_DETAIL (TRADE_CATEGORY_DETAIL_ID, TRADE_CATEGORY_DETAIL_NAME, TRADE_CATEGORY_ID) values (37, '동결/건조간식', 6);
insert into TB_TRADE_CATEGORY_DETAIL (TRADE_CATEGORY_DETAIL_ID, TRADE_CATEGORY_DETAIL_NAME, TRADE_CATEGORY_ID) values (38, '수제간식', 6);
insert into TB_TRADE_CATEGORY_DETAIL (TRADE_CATEGORY_DETAIL_ID, TRADE_CATEGORY_DETAIL_NAME, TRADE_CATEGORY_ID) values (39, '져키/스틱', 6);
insert into TB_TRADE_CATEGORY_DETAIL (TRADE_CATEGORY_DETAIL_ID, TRADE_CATEGORY_DETAIL_NAME, TRADE_CATEGORY_ID) values (40, '통살/소시지', 6);
insert into TB_TRADE_CATEGORY_DETAIL (TRADE_CATEGORY_DETAIL_ID, TRADE_CATEGORY_DETAIL_NAME, TRADE_CATEGORY_ID) values (41, '스낵', 6);
insert into TB_TRADE_CATEGORY_DETAIL (TRADE_CATEGORY_DETAIL_ID, TRADE_CATEGORY_DETAIL_NAME, TRADE_CATEGORY_ID) values (42, '캣닢/캣글라스', 6);
insert into TB_TRADE_CATEGORY_DETAIL (TRADE_CATEGORY_DETAIL_ID, TRADE_CATEGORY_DETAIL_NAME, TRADE_CATEGORY_ID) values (43, '음료', 6);
insert into TB_TRADE_CATEGORY_DETAIL (TRADE_CATEGORY_DETAIL_ID, TRADE_CATEGORY_DETAIL_NAME, TRADE_CATEGORY_ID) values (44, '껌', 6);
insert into TB_TRADE_CATEGORY_DETAIL (TRADE_CATEGORY_DETAIL_ID, TRADE_CATEGORY_DETAIL_NAME, TRADE_CATEGORY_ID) values (45, '테린/화식', 6);
insert into TB_TRADE_CATEGORY_DETAIL (TRADE_CATEGORY_DETAIL_ID, TRADE_CATEGORY_DETAIL_NAME, TRADE_CATEGORY_ID) values (46, '영양제', 7);
insert into TB_TRADE_CATEGORY_DETAIL (TRADE_CATEGORY_DETAIL_ID, TRADE_CATEGORY_DETAIL_NAME, TRADE_CATEGORY_ID) values (47, '건강보조제', 7);
insert into TB_TRADE_CATEGORY_DETAIL (TRADE_CATEGORY_DETAIL_ID, TRADE_CATEGORY_DETAIL_NAME, TRADE_CATEGORY_ID) values (48, '캣타워/스크래쳐', 8);
insert into TB_TRADE_CATEGORY_DETAIL (TRADE_CATEGORY_DETAIL_ID, TRADE_CATEGORY_DETAIL_NAME, TRADE_CATEGORY_ID) values (49, '하우스/방석', 8);
insert into TB_TRADE_CATEGORY_DETAIL (TRADE_CATEGORY_DETAIL_ID, TRADE_CATEGORY_DETAIL_NAME, TRADE_CATEGORY_ID) values (50, '급식기/급수기', 8);
insert into TB_TRADE_CATEGORY_DETAIL (TRADE_CATEGORY_DETAIL_ID, TRADE_CATEGORY_DETAIL_NAME, TRADE_CATEGORY_ID) values (51, '의류/패션', 8);
insert into TB_TRADE_CATEGORY_DETAIL (TRADE_CATEGORY_DETAIL_ID, TRADE_CATEGORY_DETAIL_NAME, TRADE_CATEGORY_ID) values (52, '모래/화장실', 8);
insert into TB_TRADE_CATEGORY_DETAIL (TRADE_CATEGORY_DETAIL_ID, TRADE_CATEGORY_DETAIL_NAME, TRADE_CATEGORY_ID) values (53, '미용/목욕', 8);
insert into TB_TRADE_CATEGORY_DETAIL (TRADE_CATEGORY_DETAIL_ID, TRADE_CATEGORY_DETAIL_NAME, TRADE_CATEGORY_ID) values (54, '장난감', 8);
insert into TB_TRADE_CATEGORY_DETAIL (TRADE_CATEGORY_DETAIL_ID, TRADE_CATEGORY_DETAIL_NAME, TRADE_CATEGORY_ID) values (55, '펫캠/가전용품', 8);
insert into TB_TRADE_CATEGORY_DETAIL (TRADE_CATEGORY_DETAIL_ID, TRADE_CATEGORY_DETAIL_NAME, TRADE_CATEGORY_ID) values (56, '이동장/외출용품', 8);
insert into TB_TRADE_CATEGORY_DETAIL (TRADE_CATEGORY_DETAIL_ID, TRADE_CATEGORY_DETAIL_NAME, TRADE_CATEGORY_ID) values (57, '건강 관리', 8);
insert into TB_TRADE_CATEGORY_DETAIL (TRADE_CATEGORY_DETAIL_ID, TRADE_CATEGORY_DETAIL_NAME, TRADE_CATEGORY_ID) values (58, '고양이 도서', 8);
insert into TB_TRADE_CATEGORY_DETAIL (TRADE_CATEGORY_DETAIL_ID, TRADE_CATEGORY_DETAIL_NAME, TRADE_CATEGORY_ID) values (59, '배변봉투/삽', 9);
insert into TB_TRADE_CATEGORY_DETAIL (TRADE_CATEGORY_DETAIL_ID, TRADE_CATEGORY_DETAIL_NAME, TRADE_CATEGORY_ID) values (60, '물티슈/크리너', 9);
insert into TB_TRADE_CATEGORY_DETAIL (TRADE_CATEGORY_DETAIL_ID, TRADE_CATEGORY_DETAIL_NAME, TRADE_CATEGORY_ID) values (61, '기저귀/메너벨트', 9);
insert into TB_TRADE_CATEGORY_DETAIL (TRADE_CATEGORY_DETAIL_ID, TRADE_CATEGORY_DETAIL_NAME, TRADE_CATEGORY_ID) values (62, '입마개', 9);
insert into TB_TRADE_CATEGORY_DETAIL (TRADE_CATEGORY_DETAIL_ID, TRADE_CATEGORY_DETAIL_NAME, TRADE_CATEGORY_ID) values (63, '가슴줄/하네스', 9);
insert into TB_TRADE_CATEGORY_DETAIL (TRADE_CATEGORY_DETAIL_ID, TRADE_CATEGORY_DETAIL_NAME, TRADE_CATEGORY_ID) values (64, '목줄', 9);
insert into TB_TRADE_CATEGORY_DETAIL (TRADE_CATEGORY_DETAIL_ID, TRADE_CATEGORY_DETAIL_NAME, TRADE_CATEGORY_ID) values (65, '리드줄', 9);
insert into TB_TRADE_CATEGORY_DETAIL (TRADE_CATEGORY_DETAIL_ID, TRADE_CATEGORY_DETAIL_NAME, TRADE_CATEGORY_ID) values (66, '자동줄', 9);
insert into TB_TRADE_CATEGORY_DETAIL (TRADE_CATEGORY_DETAIL_ID, TRADE_CATEGORY_DETAIL_NAME, TRADE_CATEGORY_ID) values (67, '인식표/목걸이', 9);
insert into TB_TRADE_CATEGORY_DETAIL (TRADE_CATEGORY_DETAIL_ID, TRADE_CATEGORY_DETAIL_NAME, TRADE_CATEGORY_ID) values (68, '이동가방/캐리어', 9);
